/home/tiago/Repositorios/Github/SistemasLineares/Instancias/10.txt;3;0
/home/tiago/Repositorios/Github/SistemasLineares/Instancias/100.txt;38;33
/home/tiago/Repositorios/Github/SistemasLineares/Instancias/110.txt;53;15
/home/tiago/Repositorios/Github/SistemasLineares/Instancias/120.txt;48;17
/home/tiago/Repositorios/Github/SistemasLineares/Instancias/130.txt;56;26
/home/tiago/Repositorios/Github/SistemasLineares/Instancias/140.txt;87;69
/home/tiago/Repositorios/Github/SistemasLineares/Instancias/15.txt;4;1
/home/tiago/Repositorios/Github/SistemasLineares/Instancias/150.txt;104;76
/home/tiago/Repositorios/Github/SistemasLineares/Instancias/160.txt;74;33
/home/tiago/Repositorios/Github/SistemasLineares/Instancias/170.txt;91;27
/home/tiago/Repositorios/Github/SistemasLineares/Instancias/180.txt;83;36
/home/tiago/Repositorios/Github/SistemasLineares/Instancias/190.txt;117;40
/home/tiago/Repositorios/Github/SistemasLineares/Instancias/200.txt;88;45
/home/tiago/Repositorios/Github/SistemasLineares/Instancias/210.txt;97;55
/home/tiago/Repositorios/Github/SistemasLineares/Instancias/220.txt;101;49
/home/tiago/Repositorios/Github/SistemasLineares/Instancias/230.txt;153;67
/home/tiago/Repositorios/Github/SistemasLineares/Instancias/240.txt;123;58
/home/tiago/Repositorios/Github/SistemasLineares/Instancias/250.txt;113;65
/home/tiago/Repositorios/Github/SistemasLineares/Instancias/260.txt;105;76
/home/tiago/Repositorios/Github/SistemasLineares/Instancias/270.txt;153;96
/home/tiago/Repositorios/Github/SistemasLineares/Instancias/280.txt;139;70
/home/tiago/Repositorios/Github/SistemasLineares/Instancias/290.txt;133;72
/home/tiago/Repositorios/Github/SistemasLineares/Instancias/3.txt;2;0
/home/tiago/Repositorios/Github/SistemasLineares/Instancias/300.txt;127;84
/home/tiago/Repositorios/Github/SistemasLineares/Instancias/4.txt;3;0
/home/tiago/Repositorios/Github/SistemasLineares/Instancias/5.txt;3;0
/home/tiago/Repositorios/Github/SistemasLineares/Instancias/10.txt;3;0
/home/tiago/Repositorios/Github/SistemasLineares/Instancias/100.txt;40;19
/home/tiago/Repositorios/Github/SistemasLineares/Instancias/110.txt;43;10
/home/tiago/Repositorios/Github/SistemasLineares/Instancias/120.txt;46;15
/home/tiago/Repositorios/Github/SistemasLineares/Instancias/130.txt;92;21
/home/tiago/Repositorios/Github/SistemasLineares/Instancias/140.txt;63;19
/home/tiago/Repositorios/Github/SistemasLineares/Instancias/15.txt;5;0
/home/tiago/Repositorios/Github/SistemasLineares/Instancias/150.txt;72;33
/home/tiago/Repositorios/Github/SistemasLineares/Instancias/160.txt;77;36
/home/tiago/Repositorios/Github/SistemasLineares/Instancias/170.txt;96;29
/home/tiago/Repositorios/Github/SistemasLineares/Instancias/180.txt;108;32
/home/tiago/Repositorios/Github/SistemasLineares/Instancias/190.txt;78;47
/home/tiago/Repositorios/Github/SistemasLineares/Instancias/200.txt;81;47
/home/tiago/Repositorios/Github/SistemasLineares/Instancias/210.txt;108;48
/home/tiago/Repositorios/Github/SistemasLineares/Instancias/220.txt;97;54
/home/tiago/Repositorios/Github/SistemasLineares/Instancias/230.txt;124;63
/home/tiago/Repositorios/Github/SistemasLineares/Instancias/240.txt;96;71
/home/tiago/Repositorios/Github/SistemasLineares/Instancias/250.txt;113;65
/home/tiago/Repositorios/Github/SistemasLineares/Instancias/260.txt;123;66
/home/tiago/Repositorios/Github/SistemasLineares/Instancias/270.txt;148;97
/home/tiago/Repositorios/Github/SistemasLineares/Instancias/280.txt;132;73
/home/tiago/Repositorios/Github/SistemasLineares/Instancias/290.txt;123;81
/home/tiago/Repositorios/Github/SistemasLineares/Instancias/3.txt;3;0
/home/tiago/Repositorios/Github/SistemasLineares/Instancias/300.txt;173;63
/home/tiago/Repositorios/Github/SistemasLineares/Instancias/4.txt;3;0
/home/tiago/Repositorios/Github/SistemasLineares/Instancias/5.txt;3;0
/home/tiago/Repositorios/Github/SistemasLineares/Instancias/10.txt;3;0
/home/tiago/Repositorios/Github/SistemasLineares/Instancias/100.txt;37;14
/home/tiago/Repositorios/Github/SistemasLineares/Instancias/110.txt;47;14
/home/tiago/Repositorios/Github/SistemasLineares/Instancias/120.txt;61;17
/home/tiago/Repositorios/Github/SistemasLineares/Instancias/130.txt;50;22
/home/tiago/Repositorios/Github/SistemasLineares/Instancias/140.txt;79;20
/home/tiago/Repositorios/Github/SistemasLineares/Instancias/15.txt;5;0
/home/tiago/Repositorios/Github/SistemasLineares/Instancias/150.txt;70;27
/home/tiago/Repositorios/Github/SistemasLineares/Instancias/160.txt;66;33
/home/tiago/Repositorios/Github/SistemasLineares/Instancias/170.txt;73;31
/home/tiago/Repositorios/Github/SistemasLineares/Instancias/180.txt;84;33
/home/tiago/Repositorios/Github/SistemasLineares/Instancias/190.txt;128;45
/home/tiago/Repositorios/Github/SistemasLineares/Instancias/200.txt;85;44
/home/tiago/Repositorios/Github/SistemasLineares/Instancias/210.txt;124;66
/home/tiago/Repositorios/Github/SistemasLineares/Instancias/220.txt;104;52
/home/tiago/Repositorios/Github/SistemasLineares/Instancias/230.txt;97;52
/home/tiago/Repositorios/Github/SistemasLineares/Instancias/240.txt;120;60
/home/tiago/Repositorios/Github/SistemasLineares/Instancias/250.txt;142;61
/home/tiago/Repositorios/Github/SistemasLineares/Instancias/260.txt;108;73
/home/tiago/Repositorios/Github/SistemasLineares/Instancias/270.txt;104;73
/home/tiago/Repositorios/Github/SistemasLineares/Instancias/280.txt;138;79
/home/tiago/Repositorios/Github/SistemasLineares/Instancias/290.txt;118;73
/home/tiago/Repositorios/Github/SistemasLineares/Instancias/3.txt;3;0
/home/tiago/Repositorios/Github/SistemasLineares/Instancias/300.txt;139;87
/home/tiago/Repositorios/Github/SistemasLineares/Instancias/4.txt;3;0
/home/tiago/Repositorios/Github/SistemasLineares/Instancias/5.txt;3;0
/home/tiago/Repositorios/Github/SistemasLineares/Instancias/10.txt;4;0
/home/tiago/Repositorios/Github/SistemasLineares/Instancias/100.txt;42;14
/home/tiago/Repositorios/Github/SistemasLineares/Instancias/110.txt;45;27
/home/tiago/Repositorios/Github/SistemasLineares/Instancias/120.txt;61;22
/home/tiago/Repositorios/Github/SistemasLineares/Instancias/130.txt;74;27
/home/tiago/Repositorios/Github/SistemasLineares/Instancias/140.txt;59;27
/home/tiago/Repositorios/Github/SistemasLineares/Instancias/15.txt;5;0
/home/tiago/Repositorios/Github/SistemasLineares/Instancias/150.txt;88;36
/home/tiago/Repositorios/Github/SistemasLineares/Instancias/160.txt;74;28
/home/tiago/Repositorios/Github/SistemasLineares/Instancias/170.txt;91;38
/home/tiago/Repositorios/Github/SistemasLineares/Instancias/180.txt;71;33
/home/tiago/Repositorios/Github/SistemasLineares/Instancias/190.txt;94;41
/home/tiago/Repositorios/Github/SistemasLineares/Instancias/200.txt;84;44
/home/tiago/Repositorios/Github/SistemasLineares/Instancias/210.txt;95;57
/home/tiago/Repositorios/Github/SistemasLineares/Instancias/220.txt;90;57
/home/tiago/Repositorios/Github/SistemasLineares/Instancias/230.txt;105;60
/home/tiago/Repositorios/Github/SistemasLineares/Instancias/240.txt;123;58
/home/tiago/Repositorios/Github/SistemasLineares/Instancias/250.txt;118;54
/home/tiago/Repositorios/Github/SistemasLineares/Instancias/260.txt;105;71
/home/tiago/Repositorios/Github/SistemasLineares/Instancias/270.txt;147;86
/home/tiago/Repositorios/Github/SistemasLineares/Instancias/280.txt;115;66
/home/tiago/Repositorios/Github/SistemasLineares/Instancias/290.txt;187;61
/home/tiago/Repositorios/Github/SistemasLineares/Instancias/3.txt;2;0
/home/tiago/Repositorios/Github/SistemasLineares/Instancias/300.txt;136;85
/home/tiago/Repositorios/Github/SistemasLineares/Instancias/4.txt;3;0
/home/tiago/Repositorios/Github/SistemasLineares/Instancias/5.txt;2;0
/home/tiago/Repositorios/Github/SistemasLineares/Instancias/10.txt;4;0
/home/tiago/Repositorios/Github/SistemasLineares/Instancias/100.txt;47;16
/home/tiago/Repositorios/Github/SistemasLineares/Instancias/110.txt;48;23
/home/tiago/Repositorios/Github/SistemasLineares/Instancias/120.txt;65;34
/home/tiago/Repositorios/Github/SistemasLineares/Instancias/130.txt;49;22
/home/tiago/Repositorios/Github/SistemasLineares/Instancias/140.txt;62;29
/home/tiago/Repositorios/Github/SistemasLineares/Instancias/15.txt;4;0
/home/tiago/Repositorios/Github/SistemasLineares/Instancias/150.txt;58;28
/home/tiago/Repositorios/Github/SistemasLineares/Instancias/160.txt;67;26
/home/tiago/Repositorios/Github/SistemasLineares/Instancias/170.txt;72;35
/home/tiago/Repositorios/Github/SistemasLineares/Instancias/180.txt;89;33
/home/tiago/Repositorios/Github/SistemasLineares/Instancias/190.txt;87;36
/home/tiago/Repositorios/Github/SistemasLineares/Instancias/200.txt;93;41
/home/tiago/Repositorios/Github/SistemasLineares/Instancias/210.txt;99;48
/home/tiago/Repositorios/Github/SistemasLineares/Instancias/220.txt;100;50
/home/tiago/Repositorios/Github/SistemasLineares/Instancias/230.txt;109;65
/home/tiago/Repositorios/Github/SistemasLineares/Instancias/240.txt;102;51
/home/tiago/Repositorios/Github/SistemasLineares/Instancias/250.txt;101;65
/home/tiago/Repositorios/Github/SistemasLineares/Instancias/260.txt;112;79
/home/tiago/Repositorios/Github/SistemasLineares/Instancias/270.txt;106;85
/home/tiago/Repositorios/Github/SistemasLineares/Instancias/280.txt;136;68
/home/tiago/Repositorios/Github/SistemasLineares/Instancias/290.txt;157;63
/home/tiago/Repositorios/Github/SistemasLineares/Instancias/3.txt;3;0
/home/tiago/Repositorios/Github/SistemasLineares/Instancias/300.txt;156;70
/home/tiago/Repositorios/Github/SistemasLineares/Instancias/4.txt;3;0
/home/tiago/Repositorios/Github/SistemasLineares/Instancias/5.txt;3;0
/home/tiago/Repositorios/Github/SistemasLineares/Instancias/10.txt;3;0
/home/tiago/Repositorios/Github/SistemasLineares/Instancias/100.txt;47;9
/home/tiago/Repositorios/Github/SistemasLineares/Instancias/110.txt;51;26
/home/tiago/Repositorios/Github/SistemasLineares/Instancias/120.txt;60;22
/home/tiago/Repositorios/Github/SistemasLineares/Instancias/130.txt;69;22
/home/tiago/Repositorios/Github/SistemasLineares/Instancias/140.txt;75;29
/home/tiago/Repositorios/Github/SistemasLineares/Instancias/15.txt;7;0
/home/tiago/Repositorios/Github/SistemasLineares/Instancias/150.txt;61;34
/home/tiago/Repositorios/Github/SistemasLineares/Instancias/160.txt;65;39
/home/tiago/Repositorios/Github/SistemasLineares/Instancias/170.txt;83;27
/home/tiago/Repositorios/Github/SistemasLineares/Instancias/180.txt;85;31
/home/tiago/Repositorios/Github/SistemasLineares/Instancias/190.txt;120;38
/home/tiago/Repositorios/Github/SistemasLineares/Instancias/200.txt;85;41
/home/tiago/Repositorios/Github/SistemasLineares/Instancias/210.txt;121;57
/home/tiago/Repositorios/Github/SistemasLineares/Instancias/220.txt;88;61
/home/tiago/Repositorios/Github/SistemasLineares/Instancias/230.txt;133;63
/home/tiago/Repositorios/Github/SistemasLineares/Instancias/240.txt;99;57
/home/tiago/Repositorios/Github/SistemasLineares/Instancias/250.txt;115;58
/home/tiago/Repositorios/Github/SistemasLineares/Instancias/260.txt;125;69
/home/tiago/Repositorios/Github/SistemasLineares/Instancias/270.txt;122;95
/home/tiago/Repositorios/Github/SistemasLineares/Instancias/280.txt;134;64
/home/tiago/Repositorios/Github/SistemasLineares/Instancias/290.txt;150;78
/home/tiago/Repositorios/Github/SistemasLineares/Instancias/3.txt;3;0
/home/tiago/Repositorios/Github/SistemasLineares/Instancias/300.txt;127;71
/home/tiago/Repositorios/Github/SistemasLineares/Instancias/4.txt;2;0
/home/tiago/Repositorios/Github/SistemasLineares/Instancias/5.txt;2;0
/home/tiago/Repositorios/Github/SistemasLineares/Instancias/10.txt;3;1
/home/tiago/Repositorios/Github/SistemasLineares/Instancias/100.txt;39;15
/home/tiago/Repositorios/Github/SistemasLineares/Instancias/110.txt;47;11
/home/tiago/Repositorios/Github/SistemasLineares/Instancias/120.txt;46;20
/home/tiago/Repositorios/Github/SistemasLineares/Instancias/130.txt;55;22
/home/tiago/Repositorios/Github/SistemasLineares/Instancias/140.txt;70;28
/home/tiago/Repositorios/Github/SistemasLineares/Instancias/15.txt;11;0
/home/tiago/Repositorios/Github/SistemasLineares/Instancias/150.txt;68;24
/home/tiago/Repositorios/Github/SistemasLineares/Instancias/160.txt;80;27
/home/tiago/Repositorios/Github/SistemasLineares/Instancias/170.txt;74;34
/home/tiago/Repositorios/Github/SistemasLineares/Instancias/180.txt;80;31
/home/tiago/Repositorios/Github/SistemasLineares/Instancias/190.txt;94;45
/home/tiago/Repositorios/Github/SistemasLineares/Instancias/200.txt;88;48
/home/tiago/Repositorios/Github/SistemasLineares/Instancias/210.txt;121;50
/home/tiago/Repositorios/Github/SistemasLineares/Instancias/220.txt;109;61
/home/tiago/Repositorios/Github/SistemasLineares/Instancias/230.txt;119;67
/home/tiago/Repositorios/Github/SistemasLineares/Instancias/240.txt;97;60
/home/tiago/Repositorios/Github/SistemasLineares/Instancias/250.txt;123;50
/home/tiago/Repositorios/Github/SistemasLineares/Instancias/260.txt;141;54
/home/tiago/Repositorios/Github/SistemasLineares/Instancias/270.txt;117;103
/home/tiago/Repositorios/Github/SistemasLineares/Instancias/280.txt;147;61
/home/tiago/Repositorios/Github/SistemasLineares/Instancias/290.txt;147;77
/home/tiago/Repositorios/Github/SistemasLineares/Instancias/3.txt;3;0
/home/tiago/Repositorios/Github/SistemasLineares/Instancias/300.txt;129;77
/home/tiago/Repositorios/Github/SistemasLineares/Instancias/4.txt;2;0
/home/tiago/Repositorios/Github/SistemasLineares/Instancias/5.txt;3;0
/home/tiago/Repositorios/Github/SistemasLineares/Instancias/10.txt;4;0
/home/tiago/Repositorios/Github/SistemasLineares/Instancias/100.txt;38;28
/home/tiago/Repositorios/Github/SistemasLineares/Instancias/110.txt;61;16
/home/tiago/Repositorios/Github/SistemasLineares/Instancias/120.txt;62;23
/home/tiago/Repositorios/Github/SistemasLineares/Instancias/130.txt;55;21
/home/tiago/Repositorios/Github/SistemasLineares/Instancias/140.txt;69;25
/home/tiago/Repositorios/Github/SistemasLineares/Instancias/15.txt;5;0
/home/tiago/Repositorios/Github/SistemasLineares/Instancias/150.txt;61;20
/home/tiago/Repositorios/Github/SistemasLineares/Instancias/160.txt;82;33
/home/tiago/Repositorios/Github/SistemasLineares/Instancias/170.txt;70;41
/home/tiago/Repositorios/Github/SistemasLineares/Instancias/180.txt;82;33
/home/tiago/Repositorios/Github/SistemasLineares/Instancias/190.txt;119;48
/home/tiago/Repositorios/Github/SistemasLineares/Instancias/200.txt;90;42
/home/tiago/Repositorios/Github/SistemasLineares/Instancias/210.txt;110;61
/home/tiago/Repositorios/Github/SistemasLineares/Instancias/220.txt;94;64
/home/tiago/Repositorios/Github/SistemasLineares/Instancias/230.txt;94;69
/home/tiago/Repositorios/Github/SistemasLineares/Instancias/240.txt;128;54
/home/tiago/Repositorios/Github/SistemasLineares/Instancias/250.txt;99;63
/home/tiago/Repositorios/Github/SistemasLineares/Instancias/260.txt;132;59
/home/tiago/Repositorios/Github/SistemasLineares/Instancias/270.txt;131;93
/home/tiago/Repositorios/Github/SistemasLineares/Instancias/280.txt;110;76
/home/tiago/Repositorios/Github/SistemasLineares/Instancias/290.txt;124;77
/home/tiago/Repositorios/Github/SistemasLineares/Instancias/3.txt;2;0
/home/tiago/Repositorios/Github/SistemasLineares/Instancias/300.txt;147;92
/home/tiago/Repositorios/Github/SistemasLineares/Instancias/4.txt;3;0
/home/tiago/Repositorios/Github/SistemasLineares/Instancias/5.txt;3;0
/home/tiago/Repositorios/Github/SistemasLineares/Instancias/10.txt;4;0
/home/tiago/Repositorios/Github/SistemasLineares/Instancias/100.txt;37;14
/home/tiago/Repositorios/Github/SistemasLineares/Instancias/110.txt;41;19
/home/tiago/Repositorios/Github/SistemasLineares/Instancias/120.txt;57;31
/home/tiago/Repositorios/Github/SistemasLineares/Instancias/130.txt;78;27
/home/tiago/Repositorios/Github/SistemasLineares/Instancias/140.txt;70;27
/home/tiago/Repositorios/Github/SistemasLineares/Instancias/15.txt;7;0
/home/tiago/Repositorios/Github/SistemasLineares/Instancias/150.txt;62;25
/home/tiago/Repositorios/Github/SistemasLineares/Instancias/160.txt;124;47
/home/tiago/Repositorios/Github/SistemasLineares/Instancias/170.txt;136;55
/home/tiago/Repositorios/Github/SistemasLineares/Instancias/180.txt;74;36
/home/tiago/Repositorios/Github/SistemasLineares/Instancias/190.txt;87;42
/home/tiago/Repositorios/Github/SistemasLineares/Instancias/200.txt;83;43
/home/tiago/Repositorios/Github/SistemasLineares/Instancias/210.txt;90;47
/home/tiago/Repositorios/Github/SistemasLineares/Instancias/220.txt;89;54
/home/tiago/Repositorios/Github/SistemasLineares/Instancias/230.txt;114;62
/home/tiago/Repositorios/Github/SistemasLineares/Instancias/240.txt;98;61
/home/tiago/Repositorios/Github/SistemasLineares/Instancias/250.txt;120;58
/home/tiago/Repositorios/Github/SistemasLineares/Instancias/260.txt;105;72
/home/tiago/Repositorios/Github/SistemasLineares/Instancias/270.txt;125;88
/home/tiago/Repositorios/Github/SistemasLineares/Instancias/280.txt;137;61
/home/tiago/Repositorios/Github/SistemasLineares/Instancias/290.txt;143;71
/home/tiago/Repositorios/Github/SistemasLineares/Instancias/3.txt;3;0
/home/tiago/Repositorios/Github/SistemasLineares/Instancias/300.txt;156;65
/home/tiago/Repositorios/Github/SistemasLineares/Instancias/4.txt;3;0
/home/tiago/Repositorios/Github/SistemasLineares/Instancias/5.txt;3;0
/home/tiago/Repositorios/Github/SistemasLineares/Instancias/10.txt;3;0
/home/tiago/Repositorios/Github/SistemasLineares/Instancias/100.txt;47;17
/home/tiago/Repositorios/Github/SistemasLineares/Instancias/110.txt;51;24
/home/tiago/Repositorios/Github/SistemasLineares/Instancias/120.txt;50;21
/home/tiago/Repositorios/Github/SistemasLineares/Instancias/130.txt;58;19
/home/tiago/Repositorios/Github/SistemasLineares/Instancias/140.txt;83;21
/home/tiago/Repositorios/Github/SistemasLineares/Instancias/15.txt;4;1
/home/tiago/Repositorios/Github/SistemasLineares/Instancias/150.txt;65;33
/home/tiago/Repositorios/Github/SistemasLineares/Instancias/160.txt;73;24
/home/tiago/Repositorios/Github/SistemasLineares/Instancias/170.txt;77;29
/home/tiago/Repositorios/Github/SistemasLineares/Instancias/180.txt;115;35
/home/tiago/Repositorios/Github/SistemasLineares/Instancias/190.txt;73;40
/home/tiago/Repositorios/Github/SistemasLineares/Instancias/200.txt;104;38
/home/tiago/Repositorios/Github/SistemasLineares/Instancias/210.txt;96;47
/home/tiago/Repositorios/Github/SistemasLineares/Instancias/220.txt;88;54
/home/tiago/Repositorios/Github/SistemasLineares/Instancias/230.txt;124;63
/home/tiago/Repositorios/Github/SistemasLineares/Instancias/240.txt;93;62
/home/tiago/Repositorios/Github/SistemasLineares/Instancias/250.txt;106;60
/home/tiago/Repositorios/Github/SistemasLineares/Instancias/260.txt;107;67
/home/tiago/Repositorios/Github/SistemasLineares/Instancias/270.txt;146;87
/home/tiago/Repositorios/Github/SistemasLineares/Instancias/280.txt;115;71
/home/tiago/Repositorios/Github/SistemasLineares/Instancias/290.txt;143;65
/home/tiago/Repositorios/Github/SistemasLineares/Instancias/3.txt;2;0
/home/tiago/Repositorios/Github/SistemasLineares/Instancias/300.txt;151;73
/home/tiago/Repositorios/Github/SistemasLineares/Instancias/4.txt;2;0
/home/tiago/Repositorios/Github/SistemasLineares/Instancias/5.txt;3;0
/home/tiago/Repositorios/Github/SistemasLineares/Instancias/10.txt;5;0
/home/tiago/Repositorios/Github/SistemasLineares/Instancias/100.txt;40;15
/home/tiago/Repositorios/Github/SistemasLineares/Instancias/110.txt;41;13
/home/tiago/Repositorios/Github/SistemasLineares/Instancias/120.txt;56;17
/home/tiago/Repositorios/Github/SistemasLineares/Instancias/130.txt;58;25
/home/tiago/Repositorios/Github/SistemasLineares/Instancias/140.txt;58;25
/home/tiago/Repositorios/Github/SistemasLineares/Instancias/15.txt;5;0
/home/tiago/Repositorios/Github/SistemasLineares/Instancias/150.txt;59;25
/home/tiago/Repositorios/Github/SistemasLineares/Instancias/160.txt;77;30
/home/tiago/Repositorios/Github/SistemasLineares/Instancias/170.txt;67;32
/home/tiago/Repositorios/Github/SistemasLineares/Instancias/180.txt;106;32
/home/tiago/Repositorios/Github/SistemasLineares/Instancias/190.txt;78;38
/home/tiago/Repositorios/Github/SistemasLineares/Instancias/200.txt;91;43
/home/tiago/Repositorios/Github/SistemasLineares/Instancias/210.txt;102;48
/home/tiago/Repositorios/Github/SistemasLineares/Instancias/220.txt;88;54
/home/tiago/Repositorios/Github/SistemasLineares/Instancias/230.txt;115;61
/home/tiago/Repositorios/Github/SistemasLineares/Instancias/240.txt;96;60
/home/tiago/Repositorios/Github/SistemasLineares/Instancias/250.txt;98;70
/home/tiago/Repositorios/Github/SistemasLineares/Instancias/260.txt;117;63
/home/tiago/Repositorios/Github/SistemasLineares/Instancias/270.txt;149;80
/home/tiago/Repositorios/Github/SistemasLineares/Instancias/280.txt;141;68
/home/tiago/Repositorios/Github/SistemasLineares/Instancias/290.txt;117;72
/home/tiago/Repositorios/Github/SistemasLineares/Instancias/3.txt;3;0
/home/tiago/Repositorios/Github/SistemasLineares/Instancias/300.txt;121;87
/home/tiago/Repositorios/Github/SistemasLineares/Instancias/4.txt;3;0
/home/tiago/Repositorios/Github/SistemasLineares/Instancias/5.txt;2;0
/home/tiago/Repositorios/Github/SistemasLineares/Instancias/10.txt;4;0
/home/tiago/Repositorios/Github/SistemasLineares/Instancias/100.txt;69;16
/home/tiago/Repositorios/Github/SistemasLineares/Instancias/110.txt;55;12
/home/tiago/Repositorios/Github/SistemasLineares/Instancias/120.txt;52;22
/home/tiago/Repositorios/Github/SistemasLineares/Instancias/130.txt;63;22
/home/tiago/Repositorios/Github/SistemasLineares/Instancias/140.txt;58;26
/home/tiago/Repositorios/Github/SistemasLineares/Instancias/15.txt;5;0
/home/tiago/Repositorios/Github/SistemasLineares/Instancias/150.txt;73;25
/home/tiago/Repositorios/Github/SistemasLineares/Instancias/160.txt;73;29
/home/tiago/Repositorios/Github/SistemasLineares/Instancias/170.txt;78;37
/home/tiago/Repositorios/Github/SistemasLineares/Instancias/180.txt;97;45
/home/tiago/Repositorios/Github/SistemasLineares/Instancias/190.txt;82;39
/home/tiago/Repositorios/Github/SistemasLineares/Instancias/200.txt;79;45
/home/tiago/Repositorios/Github/SistemasLineares/Instancias/210.txt;93;48
/home/tiago/Repositorios/Github/SistemasLineares/Instancias/220.txt;95;54
/home/tiago/Repositorios/Github/SistemasLineares/Instancias/230.txt;128;44
/home/tiago/Repositorios/Github/SistemasLineares/Instancias/240.txt;117;67
/home/tiago/Repositorios/Github/SistemasLineares/Instancias/250.txt;122;60
/home/tiago/Repositorios/Github/SistemasLineares/Instancias/260.txt;131;52
/home/tiago/Repositorios/Github/SistemasLineares/Instancias/270.txt;148;63
/home/tiago/Repositorios/Github/SistemasLineares/Instancias/280.txt;108;74
/home/tiago/Repositorios/Github/SistemasLineares/Instancias/290.txt;140;63
/home/tiago/Repositorios/Github/SistemasLineares/Instancias/3.txt;3;0
/home/tiago/Repositorios/Github/SistemasLineares/Instancias/300.txt;120;88
/home/tiago/Repositorios/Github/SistemasLineares/Instancias/4.txt;2;0
/home/tiago/Repositorios/Github/SistemasLineares/Instancias/5.txt;3;0
/home/tiago/Repositorios/Github/SistemasLineares/Instancias/10.txt;3;0
/home/tiago/Repositorios/Github/SistemasLineares/Instancias/100.txt;39;9
/home/tiago/Repositorios/Github/SistemasLineares/Instancias/110.txt;43;10
/home/tiago/Repositorios/Github/SistemasLineares/Instancias/120.txt;56;22
/home/tiago/Repositorios/Github/SistemasLineares/Instancias/130.txt;56;18
/home/tiago/Repositorios/Github/SistemasLineares/Instancias/140.txt;67;25
/home/tiago/Repositorios/Github/SistemasLineares/Instancias/15.txt;8;0
/home/tiago/Repositorios/Github/SistemasLineares/Instancias/150.txt;58;21
/home/tiago/Repositorios/Github/SistemasLineares/Instancias/160.txt;67;24
/home/tiago/Repositorios/Github/SistemasLineares/Instancias/170.txt;77;42
/home/tiago/Repositorios/Github/SistemasLineares/Instancias/180.txt;94;45
/home/tiago/Repositorios/Github/SistemasLineares/Instancias/190.txt;93;40
/home/tiago/Repositorios/Github/SistemasLineares/Instancias/200.txt;106;42
/home/tiago/Repositorios/Github/SistemasLineares/Instancias/210.txt;125;48
/home/tiago/Repositorios/Github/SistemasLineares/Instancias/220.txt;108;52
/home/tiago/Repositorios/Github/SistemasLineares/Instancias/230.txt;130;61
/home/tiago/Repositorios/Github/SistemasLineares/Instancias/240.txt;98;56
/home/tiago/Repositorios/Github/SistemasLineares/Instancias/250.txt;107;64
/home/tiago/Repositorios/Github/SistemasLineares/Instancias/260.txt;139;57
/home/tiago/Repositorios/Github/SistemasLineares/Instancias/270.txt;159;59
/home/tiago/Repositorios/Github/SistemasLineares/Instancias/280.txt;136;61
/home/tiago/Repositorios/Github/SistemasLineares/Instancias/290.txt;149;69
/home/tiago/Repositorios/Github/SistemasLineares/Instancias/3.txt;2;0
/home/tiago/Repositorios/Github/SistemasLineares/Instancias/300.txt;150;67
/home/tiago/Repositorios/Github/SistemasLineares/Instancias/4.txt;3;0
/home/tiago/Repositorios/Github/SistemasLineares/Instancias/5.txt;3;0
/home/tiago/Repositorios/Github/SistemasLineares/Instancias/10.txt;4;0
/home/tiago/Repositorios/Github/SistemasLineares/Instancias/100.txt;37;10
/home/tiago/Repositorios/Github/SistemasLineares/Instancias/110.txt;59;10
/home/tiago/Repositorios/Github/SistemasLineares/Instancias/120.txt;56;24
/home/tiago/Repositorios/Github/SistemasLineares/Instancias/130.txt;60;17
/home/tiago/Repositorios/Github/SistemasLineares/Instancias/140.txt;60;22
/home/tiago/Repositorios/Github/SistemasLineares/Instancias/15.txt;5;0
/home/tiago/Repositorios/Github/SistemasLineares/Instancias/150.txt;60;29
/home/tiago/Repositorios/Github/SistemasLineares/Instancias/160.txt;66;29
/home/tiago/Repositorios/Github/SistemasLineares/Instancias/170.txt;80;32
/home/tiago/Repositorios/Github/SistemasLineares/Instancias/180.txt;76;38
/home/tiago/Repositorios/Github/SistemasLineares/Instancias/190.txt;74;41
/home/tiago/Repositorios/Github/SistemasLineares/Instancias/200.txt;105;47
/home/tiago/Repositorios/Github/SistemasLineares/Instancias/210.txt;93;52
/home/tiago/Repositorios/Github/SistemasLineares/Instancias/220.txt;99;51
/home/tiago/Repositorios/Github/SistemasLineares/Instancias/230.txt;103;61
/home/tiago/Repositorios/Github/SistemasLineares/Instancias/240.txt;108;53
/home/tiago/Repositorios/Github/SistemasLineares/Instancias/250.txt;119;59
/home/tiago/Repositorios/Github/SistemasLineares/Instancias/260.txt;105;68
/home/tiago/Repositorios/Github/SistemasLineares/Instancias/270.txt;127;87
/home/tiago/Repositorios/Github/SistemasLineares/Instancias/280.txt;115;72
/home/tiago/Repositorios/Github/SistemasLineares/Instancias/290.txt;150;69
/home/tiago/Repositorios/Github/SistemasLineares/Instancias/3.txt;3;0
/home/tiago/Repositorios/Github/SistemasLineares/Instancias/300.txt;149;74
/home/tiago/Repositorios/Github/SistemasLineares/Instancias/4.txt;3;0
/home/tiago/Repositorios/Github/SistemasLineares/Instancias/5.txt;3;0
/home/tiago/Repositorios/Github/SistemasLineares/Instancias/10.txt;3;0
/home/tiago/Repositorios/Github/SistemasLineares/Instancias/100.txt;49;18
/home/tiago/Repositorios/Github/SistemasLineares/Instancias/110.txt;54;29
/home/tiago/Repositorios/Github/SistemasLineares/Instancias/120.txt;57;20
/home/tiago/Repositorios/Github/SistemasLineares/Instancias/130.txt;52;19
/home/tiago/Repositorios/Github/SistemasLineares/Instancias/140.txt;78;29
/home/tiago/Repositorios/Github/SistemasLineares/Instancias/15.txt;4;1
/home/tiago/Repositorios/Github/SistemasLineares/Instancias/150.txt;72;27
/home/tiago/Repositorios/Github/SistemasLineares/Instancias/160.txt;76;26
/home/tiago/Repositorios/Github/SistemasLineares/Instancias/170.txt;67;31
/home/tiago/Repositorios/Github/SistemasLineares/Instancias/180.txt;69;44
/home/tiago/Repositorios/Github/SistemasLineares/Instancias/190.txt;121;40
/home/tiago/Repositorios/Github/SistemasLineares/Instancias/200.txt;107;42
/home/tiago/Repositorios/Github/SistemasLineares/Instancias/210.txt;83;55
/home/tiago/Repositorios/Github/SistemasLineares/Instancias/220.txt;111;51
/home/tiago/Repositorios/Github/SistemasLineares/Instancias/230.txt;131;62
/home/tiago/Repositorios/Github/SistemasLineares/Instancias/240.txt;118;55
/home/tiago/Repositorios/Github/SistemasLineares/Instancias/250.txt;101;68
/home/tiago/Repositorios/Github/SistemasLineares/Instancias/260.txt;122;66
/home/tiago/Repositorios/Github/SistemasLineares/Instancias/270.txt;134;84
/home/tiago/Repositorios/Github/SistemasLineares/Instancias/280.txt;107;77
/home/tiago/Repositorios/Github/SistemasLineares/Instancias/290.txt;143;73
/home/tiago/Repositorios/Github/SistemasLineares/Instancias/3.txt;3;0
/home/tiago/Repositorios/Github/SistemasLineares/Instancias/300.txt;169;62
/home/tiago/Repositorios/Github/SistemasLineares/Instancias/4.txt;3;0
/home/tiago/Repositorios/Github/SistemasLineares/Instancias/5.txt;3;0
/home/tiago/Repositorios/Github/SistemasLineares/Instancias/10.txt;4;0
/home/tiago/Repositorios/Github/SistemasLineares/Instancias/100.txt;49;19
/home/tiago/Repositorios/Github/SistemasLineares/Instancias/110.txt;41;21
/home/tiago/Repositorios/Github/SistemasLineares/Instancias/120.txt;65;26
/home/tiago/Repositorios/Github/SistemasLineares/Instancias/130.txt;51;22
/home/tiago/Repositorios/Github/SistemasLineares/Instancias/140.txt;63;29
/home/tiago/Repositorios/Github/SistemasLineares/Instancias/15.txt;5;0
/home/tiago/Repositorios/Github/SistemasLineares/Instancias/150.txt;72;24
/home/tiago/Repositorios/Github/SistemasLineares/Instancias/160.txt;75;25
/home/tiago/Repositorios/Github/SistemasLineares/Instancias/170.txt;91;31
/home/tiago/Repositorios/Github/SistemasLineares/Instancias/180.txt;112;49
/home/tiago/Repositorios/Github/SistemasLineares/Instancias/190.txt;86;42
/home/tiago/Repositorios/Github/SistemasLineares/Instancias/200.txt;100;43
/home/tiago/Repositorios/Github/SistemasLineares/Instancias/210.txt;99;59
/home/tiago/Repositorios/Github/SistemasLineares/Instancias/220.txt;109;43
/home/tiago/Repositorios/Github/SistemasLineares/Instancias/230.txt;139;62
/home/tiago/Repositorios/Github/SistemasLineares/Instancias/240.txt;124;57
/home/tiago/Repositorios/Github/SistemasLineares/Instancias/250.txt;104;65
/home/tiago/Repositorios/Github/SistemasLineares/Instancias/260.txt;126;70
/home/tiago/Repositorios/Github/SistemasLineares/Instancias/270.txt;137;63
/home/tiago/Repositorios/Github/SistemasLineares/Instancias/280.txt;124;70
/home/tiago/Repositorios/Github/SistemasLineares/Instancias/290.txt;117;73
/home/tiago/Repositorios/Github/SistemasLineares/Instancias/3.txt;2;0
/home/tiago/Repositorios/Github/SistemasLineares/Instancias/300.txt;144;88
/home/tiago/Repositorios/Github/SistemasLineares/Instancias/4.txt;3;0
/home/tiago/Repositorios/Github/SistemasLineares/Instancias/5.txt;2;0
/home/tiago/Repositorios/Github/SistemasLineares/Instancias/10.txt;3;0
/home/tiago/Repositorios/Github/SistemasLineares/Instancias/100.txt;39;14
/home/tiago/Repositorios/Github/SistemasLineares/Instancias/110.txt;60;27
/home/tiago/Repositorios/Github/SistemasLineares/Instancias/120.txt;46;20
/home/tiago/Repositorios/Github/SistemasLineares/Instancias/130.txt;80;27
/home/tiago/Repositorios/Github/SistemasLineares/Instancias/140.txt;72;33
/home/tiago/Repositorios/Github/SistemasLineares/Instancias/15.txt;5;0
/home/tiago/Repositorios/Github/SistemasLineares/Instancias/150.txt;61;28
/home/tiago/Repositorios/Github/SistemasLineares/Instancias/160.txt;95;31
/home/tiago/Repositorios/Github/SistemasLineares/Instancias/170.txt;83;33
/home/tiago/Repositorios/Github/SistemasLineares/Instancias/180.txt;94;35
/home/tiago/Repositorios/Github/SistemasLineares/Instancias/190.txt;93;51
/home/tiago/Repositorios/Github/SistemasLineares/Instancias/200.txt;81;42
/home/tiago/Repositorios/Github/SistemasLineares/Instancias/210.txt;98;49
/home/tiago/Repositorios/Github/SistemasLineares/Instancias/220.txt;91;54
/home/tiago/Repositorios/Github/SistemasLineares/Instancias/230.txt;118;71
/home/tiago/Repositorios/Github/SistemasLineares/Instancias/240.txt;110;69
/home/tiago/Repositorios/Github/SistemasLineares/Instancias/250.txt;114;63
/home/tiago/Repositorios/Github/SistemasLineares/Instancias/260.txt;132;59
/home/tiago/Repositorios/Github/SistemasLineares/Instancias/270.txt;135;79
/home/tiago/Repositorios/Github/SistemasLineares/Instancias/280.txt;106;80
/home/tiago/Repositorios/Github/SistemasLineares/Instancias/290.txt;119;70
/home/tiago/Repositorios/Github/SistemasLineares/Instancias/3.txt;3;0
/home/tiago/Repositorios/Github/SistemasLineares/Instancias/300.txt;120;62
/home/tiago/Repositorios/Github/SistemasLineares/Instancias/4.txt;3;0
/home/tiago/Repositorios/Github/SistemasLineares/Instancias/5.txt;3;0
/home/tiago/Repositorios/Github/SistemasLineares/Instancias/10.txt;3;0
/home/tiago/Repositorios/Github/SistemasLineares/Instancias/100.txt;45;23
/home/tiago/Repositorios/Github/SistemasLineares/Instancias/110.txt;42;23
/home/tiago/Repositorios/Github/SistemasLineares/Instancias/120.txt;49;13
/home/tiago/Repositorios/Github/SistemasLineares/Instancias/130.txt;54;24
/home/tiago/Repositorios/Github/SistemasLineares/Instancias/140.txt;68;28
/home/tiago/Repositorios/Github/SistemasLineares/Instancias/15.txt;5;0
/home/tiago/Repositorios/Github/SistemasLineares/Instancias/150.txt;60;26
/home/tiago/Repositorios/Github/SistemasLineares/Instancias/160.txt;76;25
/home/tiago/Repositorios/Github/SistemasLineares/Instancias/170.txt;71;35
/home/tiago/Repositorios/Github/SistemasLineares/Instancias/180.txt;73;33
/home/tiago/Repositorios/Github/SistemasLineares/Instancias/190.txt;77;41
/home/tiago/Repositorios/Github/SistemasLineares/Instancias/200.txt;94;42
/home/tiago/Repositorios/Github/SistemasLineares/Instancias/210.txt;122;50
/home/tiago/Repositorios/Github/SistemasLineares/Instancias/220.txt;90;53
/home/tiago/Repositorios/Github/SistemasLineares/Instancias/230.txt;132;62
/home/tiago/Repositorios/Github/SistemasLineares/Instancias/240.txt;108;54
/home/tiago/Repositorios/Github/SistemasLineares/Instancias/250.txt;156;53
/home/tiago/Repositorios/Github/SistemasLineares/Instancias/260.txt;139;55
/home/tiago/Repositorios/Github/SistemasLineares/Instancias/270.txt;150;74
/home/tiago/Repositorios/Github/SistemasLineares/Instancias/280.txt;133;69
/home/tiago/Repositorios/Github/SistemasLineares/Instancias/290.txt;121;85
/home/tiago/Repositorios/Github/SistemasLineares/Instancias/3.txt;2;0
/home/tiago/Repositorios/Github/SistemasLineares/Instancias/300.txt;164;67
/home/tiago/Repositorios/Github/SistemasLineares/Instancias/4.txt;2;0
/home/tiago/Repositorios/Github/SistemasLineares/Instancias/5.txt;2;0
/home/tiago/Repositorios/Github/SistemasLineares/Instancias/10.txt;3;0
/home/tiago/Repositorios/Github/SistemasLineares/Instancias/100.txt;59;12
/home/tiago/Repositorios/Github/SistemasLineares/Instancias/110.txt;45;20
/home/tiago/Repositorios/Github/SistemasLineares/Instancias/120.txt;58;36
/home/tiago/Repositorios/Github/SistemasLineares/Instancias/130.txt;60;19
/home/tiago/Repositorios/Github/SistemasLineares/Instancias/140.txt;56;24
/home/tiago/Repositorios/Github/SistemasLineares/Instancias/15.txt;6;0
/home/tiago/Repositorios/Github/SistemasLineares/Instancias/150.txt;64;28
/home/tiago/Repositorios/Github/SistemasLineares/Instancias/160.txt;73;27
/home/tiago/Repositorios/Github/SistemasLineares/Instancias/170.txt;69;33
/home/tiago/Repositorios/Github/SistemasLineares/Instancias/180.txt;97;33
/home/tiago/Repositorios/Github/SistemasLineares/Instancias/190.txt;89;44
/home/tiago/Repositorios/Github/SistemasLineares/Instancias/200.txt;99;44
/home/tiago/Repositorios/Github/SistemasLineares/Instancias/210.txt;99;55
/home/tiago/Repositorios/Github/SistemasLineares/Instancias/220.txt;123;50
/home/tiago/Repositorios/Github/SistemasLineares/Instancias/230.txt;95;65
/home/tiago/Repositorios/Github/SistemasLineares/Instancias/240.txt;119;63
/home/tiago/Repositorios/Github/SistemasLineares/Instancias/250.txt;113;53
/home/tiago/Repositorios/Github/SistemasLineares/Instancias/260.txt;114;70
/home/tiago/Repositorios/Github/SistemasLineares/Instancias/270.txt;138;90
/home/tiago/Repositorios/Github/SistemasLineares/Instancias/280.txt;110;81
/home/tiago/Repositorios/Github/SistemasLineares/Instancias/290.txt;118;65
/home/tiago/Repositorios/Github/SistemasLineares/Instancias/3.txt;2;0
/home/tiago/Repositorios/Github/SistemasLineares/Instancias/300.txt;122;78
/home/tiago/Repositorios/Github/SistemasLineares/Instancias/4.txt;3;0
/home/tiago/Repositorios/Github/SistemasLineares/Instancias/5.txt;3;0
/home/tiago/Repositorios/Github/SistemasLineares/Instancias/10.txt;4;0
/home/tiago/Repositorios/Github/SistemasLineares/Instancias/100.txt;44;14
/home/tiago/Repositorios/Github/SistemasLineares/Instancias/110.txt;41;11
/home/tiago/Repositorios/Github/SistemasLineares/Instancias/120.txt;49;16
/home/tiago/Repositorios/Github/SistemasLineares/Instancias/130.txt;59;20
/home/tiago/Repositorios/Github/SistemasLineares/Instancias/140.txt;65;23
/home/tiago/Repositorios/Github/SistemasLineares/Instancias/15.txt;4;1
/home/tiago/Repositorios/Github/SistemasLineares/Instancias/150.txt;66;25
/home/tiago/Repositorios/Github/SistemasLineares/Instancias/160.txt;69;27
/home/tiago/Repositorios/Github/SistemasLineares/Instancias/170.txt;76;33
/home/tiago/Repositorios/Github/SistemasLineares/Instancias/180.txt;105;36
/home/tiago/Repositorios/Github/SistemasLineares/Instancias/190.txt;101;49
/home/tiago/Repositorios/Github/SistemasLineares/Instancias/200.txt;86;45
/home/tiago/Repositorios/Github/SistemasLineares/Instancias/210.txt;112;48
/home/tiago/Repositorios/Github/SistemasLineares/Instancias/220.txt;106;55
/home/tiago/Repositorios/Github/SistemasLineares/Instancias/230.txt;135;62
/home/tiago/Repositorios/Github/SistemasLineares/Instancias/240.txt;100;62
/home/tiago/Repositorios/Github/SistemasLineares/Instancias/250.txt;105;59
/home/tiago/Repositorios/Github/SistemasLineares/Instancias/260.txt;123;69
/home/tiago/Repositorios/Github/SistemasLineares/Instancias/270.txt;113;106
/home/tiago/Repositorios/Github/SistemasLineares/Instancias/280.txt;115;87
/home/tiago/Repositorios/Github/SistemasLineares/Instancias/290.txt;116;74
/home/tiago/Repositorios/Github/SistemasLineares/Instancias/3.txt;2;0
/home/tiago/Repositorios/Github/SistemasLineares/Instancias/300.txt;126;77
/home/tiago/Repositorios/Github/SistemasLineares/Instancias/4.txt;2;0
/home/tiago/Repositorios/Github/SistemasLineares/Instancias/5.txt;2;0
